"3M. (2020). Disinfection of Filtering Facepiece Respirators, Release 2. https://multimedia.3m.com/mws/media/1816576O/disinfection-of-disposable-respirators-technicalbulletin.pdf"

"3M. (2018). 3M Technical Data Sheet: Disposable respirator, 1860, 1860S, N95. https://multimedia.3m.com/mws/media/1538979O/3m-disposable-respirator-1860-1860s-technical-data-sheet.pdf"

"*Anderegg, L., Meisenhelder, C., Ngooi, C. O., Liao, L., Chu, S., Cui, Y., & Doyle, J.M. (2020). A Scalable Method of Applying Heat and Humidity for Decontamination of N95 Respirators During the COVID-19 Crisis. medRxiv. Advance online publication. https://doi.org/10.1101/2020.04.09.20059758"

"Anderson, J. G., Rowan, N. J., MacGregor, S. J., Fouracre, R. A., & Farish, O. (2000). Inactivation of food-borne enteropathogenic bacteria and spoilage fungi using pulsed-light. IEEE Transactions on Plasma Science, 28(1), 83–88. https://doi.org/10.1109/27.842870"

"Battelle (2020). FDA letter of approval (3/28/2020) for Emergency Use Authorization for the Battelle Decontamination System, an HPV system for decontaminating N95 respirators.https://www.battelle.org/inb/battelle-critical-care-decontamination-system-for-covid19"

"Battelle. (2016). Final Report for the Bioquell Hydrogen Peroxide Vapor (HPV) Decontamination for Reuse of N95 Respirators (Prepared for the FDA under Contract No. HHSF223201400098C. Study Number 3245.). Battelle, Columbus, Ohio. https://www.fda.gov/media/136386/download"

"Beam, B. L., & Hayes, K. A. (2020, March 27). N95 Respirator Limited Reuse - Healthcare Professionals Providing Clinical Care. University of Nebraska Medical Center. https://app1.unmc.edu/nursing/heroes/mpv.cfm?updateindex=132&src=yt"

"Bentley, J. J., Santoro, D., Gram, D. W., Dujowich, M., & Marsella, R. (2016). Can ultraviolet light C decrease the environmental burden of antimicrobial-resistant and -sensitive bacteria on textiles? Veterinary Dermatology, 27(6), 457–e121. https://doi.org/10.1111/vde.12377"

"Bergman, M. S., Viscusi, D. J., Palmiero, A. J., Powell, J. B., & Shaffer, R. E. (2011). Impact of Three Cycles of Decontamination Treatments on Filtering Facepiece Respirator Fit. Journal of the International Society for Respiratory Protection, 28(1), 48–59. https://www.isrp.com/the-isrp-journal/journal-public-abstracts/1135-vol-28-no-1-2011-pp-48-59-bergman-open-access/file"

"Bergman, M., Viscusi, D., Heimbuch, B., Wander, J., Sambol, A., & Shaffer, R. (2010). Evaluation of Multiple (3-Cycle) Decontamination Processing for Filtering Facepiece Respirators. Journal of Engineered Fibers and Fabrics, 5, 33–41. https://doi.org/10.1177/155892501000500405"

"Bergman, M. S., Viscusi, D. J., Zhuang, Z., Palmiero, A. J., Powell, J. B., & Shaffer, R. E. (2012). Impact of multiple consecutive donnings on filtering facepiece respirator fit. American Journal of Infection Control, 40(4), 375–380. https://doi.org/10.1016/j.ajic.2011.05.003"

"Blázquez, E., Rodríguez, C., Ródenas, J., Navarro, N., Riquelme, C., Rosell, R., Campbell, J., Crenshaw, J., Segalés, J., Pujols, J., & Polo, J. (2019). Evaluation of the effectiveness of the SurePure Turbulator ultraviolet-C irradiation equipment on inactivation of different enveloped and non-enveloped viruses inoculated in commercially collected liquid animal plasma. PloS One, 14(2), e0212332. https://doi.org/10.1371/journal.pone.0212332"

"Brady, T. M., Strauch, A. L., Almaguer, C. M., Niezgoda, G., Shaffer, R. E., Yorio, P. L., & Fisher, E. M. (2017). Transfer of bacteriophage MS2 and fluorescein from N95 filtering facepiece respirators to hands: Measuring fomite potential. Journal of Occupational and Environmental Hygiene, 14(11), 898–906. https://doi.org/10.1080/15459624.2017.1346799"

"*Card, Kyle J, Crozier, D., Dhawan, A., Dinh, M., Dolson, E., Farrokhian, N., Gopalakrishnan, V., Ho, E., King, E. S., Krishnan, N., Kuzmin, G., Maltas, J., Pelesko, J., Scarborough, J. A., Scott, J. G., Sedor, G., & Weaver, D. T. (2020). UV Sterilization of Personal Protective Equipment with Idle Laboratory Biosafety Cabinets During the Covid-19 Pandemic [Preprint]. Occupational and Environmental Health. https://doi.org/10.1101/2020.03.25.20043489"

"Carratalà, A., Rodriguez-Manzano, J., Hundesa, A., Rusiñol, M., Fresno, S., Cook, N., & Girones, R. (2013). Effect of temperature and sunlight on the stability of human adenoviruses and MS2 as fecal contaminants on fresh produce surfaces. International Journal of Food Microbiology, 164(2-3), 128–134. https://doi.org/10.1016/j.ijfoodmicro.2013.04.007"

"Casanova, L. M., Jeon, S., Rutala, W. A., Weber, D. J., & Sobsey, M. D. (2010). Effects of Air Temperature and Relative Humidity on Coronavirus Survival on Surfaces. Applied and Environmental Microbiology, 76(9), 2712–2717. https://doi.org/10.1128/AEM.02291-09"

"*Chin, A. W. H., Chu, J. T. S., Perera, M. R. A., Hui, K. P. Y., Yen, H.-L., Chan, M. C. W., Peiris, M., & Poon, L. L. M. (2020). Stability of SARS-CoV-2 in different environmental conditions. Lancet Microbe, in press. https://doi.org/10.1016/S2666-5247(20)30003-3"

"Chin, A., Chu, J., Perera, M., Hui, K., Yen, H.-L., Chan, M., Peiris, M., & Poon, L. (2020). Stability of SARS-CoV-2 in different environmental conditions. MedRxiv, 2020.03.15.20036673. https://doi.org/10.1101/2020.03.15.20036673"

"Coulliette, A. D., Perry, K. A., Edwards, J. R., & Noble-Wang, J. A. (2013). Persistence of the 2009 pandemic influenza A (H1N1) virus on N95 respirators. Applied and Environmental Microbiology, 79(7), 2148–2155. https://doi.org/10.1128/AEM.03850-12 "

"*Cramer, A., Plana, D., Yang,H.L., Carmack, M., Tian, E., Sinha, M.S., Krikorian, D., Turner, D., Mo, J., Li, J., Gupta,R., Manning, H., Bourgeois, F.T., Yu, S.H., Sorger, P., LeBoeuf, N. (2020). Analysis of SteraMist ionized hydrogen peroxide technology in the sterilization of N95 respirators and other PPE. medRxiv. Advance online publication. https://www.medrxiv.org/content/10.1101/2020.04.19.20069997v1"

"Darnell, M. E. R., Subbarao, K., Feinstone, S. M., & Taylor, D. R. (2004). Inactivation of the coronavirus that induces severe acute respiratory syndrome, SARS-CoV. Journal of Virological Methods, 121(1), 85–91. https://doi.org/10.1016/j.jviromet.2004.06.006"

"Darnell, M. E. R., & Taylor, D. R. (2006). Evaluation of inactivation methods for severe acute respiratory syndrome coronavirus in noncellular blood products. Transfusion, 46(10), 1770–1777. https://doi.org/10.1111/j.1537-2995.2006.00976.x"

"Davies, A., Thompson, K.-A., Giri, K., Kafatos, G., Walker, J., & Bennett, A. (2013). Testing the efficacy of homemade masks: would they protect in an influenza pandemic? Disaster Medicine and Public Health Preparedness, 7(4), 413–418. https://doi.org/10.1017/dmp.2013.43"

"Derr, T. H., James, M. A., Kuny, C. V., Kandel, P. P., Beckman, M. D., Hockett, K. L., Bates, M. A., & Szpara, M. L. (2020). Aerosolized Hydrogen Peroxide Decontamination of N95 Respirators, with Fit-Testing and Virologic Confirmation of Suitability for Re-Use During the COVID-19 Pandemic. medRxiv, 2020.04.17.20068577. https://www.medrxiv.org/content/10.1101/2020.04.17.20068577v1"

"Duan, S.-M., Zhao, X.-S., Wen, R.-F., Huang, J.-J., Pi, G.-H., Zhang, S.-X., Han, J., Bi, S.-L., Ruan, L., Dong, X.-P., & SARS Research Team. (2003). Stability of SARS coronavirus in human specimens and environment and its sensitivity to heating and UV irradiation. Biomedical and Environmental Sciences: BES, 16(3), 246–255. https://www.ncbi.nlm.nih.gov/pubmed/14631830"

"Dutch National Institute for Public Health and the Environment. (2020, March 20). Reuse of FFP2 masks. https://www.rivm.nl/sites/default/files/2020-03/Hergebruik%20mondkapjes%20Informatie%20ENG_def.pdf"

"Environmental Protection Agency. (2006, November). Ultraviolet Disinfection Guidance Manual for the Final Long Term 2 Enhanced Surface Water Treatment Rule. https://nepis.epa.gov/Exe/ZyPDF.cgi?Dockey=600006T3.txt"

"Finnegan, M., Linley, E., Denyer, S. P., McDonnell, G., Simons, C., & Maillard, J.-Y. (2010). Mode of action of hydrogen peroxide and other oxidizing agents: Differences between liquid and gas forms. The Journal of Antimicrobial Chemotherapy, 65(10), 2108–2115. https://doi.org/10.1093/jac/dkq308"

"Firquet, S., Beaujard, S., Lobert, P.-E., Sané, F., Caloone, D., Izard, D., & Hober, D. (2015). Survival of Enveloped and Non-Enveloped Viruses on Inanimate Surfaces. Microbes and Environments / JSME, 30(2), 140–144. https://doi.org/10.1264/jsme2.ME14145 "

"Fischer, R. J., Morris, D. H., van Doremalen, N., Sarchette, S., Matson, M. J., Bushmaker, T., Yinda, C. K., Seifert, S. N., Gamble, A., Williamson, B. N., Judson, S. D., de Wit, E., Lloyd-Smith, J. O., & Munster, V. J. (2020). Assessment of N95 respirator decontamination and re-use for SARS-CoV-2. medRxiv. https://www.medrxiv.org/content/10.1101/2020.04.11.20062018v2"

"Fisher, E. M., & Shaffer, R. E. (2011). A method to determine the available UV-C dose for the decontamination of filtering facepiece respirators. - PubMed—NCBI. Journal of Applied Microbiology, 110(1), 287–295. https://doi.org/10.1111/j.1365-2672.2010.04881.x"

"Guan, J., Chan, M., & VanderZaag, A. (2017). Inactivation of Avian Influenza Viruses on Porous and Non-porous Surfaces is Enhanced by Elevating Absolute Humidity. Transboundary and Emerging Diseases, 64(4), 1254–1261. https://doi.org/10.1111/tbed.12499"

"Hall, L., Otter, J. A., Chewins, J., & Wengenack, N. L. (2007). Use of hydrogen peroxide vapor for deactivation of Mycobacterium tuberculosis in a biological safety cabinet and a room. Journal of Clinical Microbiology, 45(3), 810–815. https://doi.org/10.1128/JCM.01797-06"

"Heckert, R. A., Best, M., Jordan, L. T., Dulac, G. C., Eddington, D. L., & Sterritt, W. G. (1997). Efficacy of vaporized hydrogen peroxide against exotic animal viruses. Applied and Environmental Microbiology, 63(10), 3916–3918. https://www.ncbi.nlm.nih.gov/pmc/articles/PMC168702/"

"Heimbuch, B., & Harnish, D. (2019). Research to Mitigate a Shortage of Respiratory Protection Devices During Public Health Emergencies (Report to the FDA No. HHSF223201400158C). Applied Research Associates. https://www.ara.com/sites/default/files/MitigateShortageofRespiratoryProtectionDevices_3.pdf"

"Heimbuch, B. K., Kinney, K., Lumley, A. E., Harnish, D. A., Bergman, M., & Wander, J. D. (2014). Cleaning of filtering facepiece respirators contaminated with mucin and Staphylococcus aureus. American Journal of Infection Control, 42(3), 265–270. https://doi.org/10.1016/j.ajic.2013.09.014"

"Heimbuch, B. K., Wallace, W. H., Kinney, K., Lumley, A. E., Wu, C.-Y., Woo, M.-H., & Wander, J. D. (2011). A pandemic influenza preparedness study: Use of energetic methods to decontaminate filtering facepiece respirators contaminated with H1N1 aerosols and droplets. American Journal of Infection Control, 39(1), e1-9. https://doi.org/10.1016/j.ajic.2010.07.004"

"International Ultraviolet Association. (n.d.). UV FAQS. Retrieved April 18, 2020, from http://www.iuva.org/UV-FAQs"

"Ito, A., & Ito, T. (1986). Absorption spectra of deoxyribose, ribosephosphate, ATP and DNA by direct transmission measurements in the vacuum-UV (150-190 nm) and far-UV (190-260 nm) regions using synchrotron radiation as a light source. Photochemistry and Photobiology, 44(3), 355–358. https://doi.org/10.1111/j.1751-1097.1986.tb04675.x"

"Jay, J. M. (1995). Modern Food Microbiology (5th ed.). Springer, Boston, MA.  https://doi.org/10.1007/978-1-4615-7476-7"

"Jiang, Y., Sokarai, K., Pyrgiotakis, G., Demokritou, P., Li, X., Mukhopadhyay S., Jin, T., Fan, X. (2017). Cold plasma-activated hydrogen peroxide aerosol inactivates Escherichia coli O157:H7, Salmonella Typhimurium, and Listeria innocua and maintains quality of grape tomato, spinach and cantaloupe. International Journal of Food Microbiology, 249, 53–60. https://doi.org/10.1016/j.ijfoodmicro.2017.03.004 "

"Kampf, G., Todt, D., Pfaender, S., & Steinmann, E. (2020). Persistence of coronaviruses on inanimate surfaces and their inactivation with biocidal agents. The Journal of Hospital Infection, 104(3), 246–251. https://doi.org/10.1016/j.jhin.2020.01.022 "

"Kenar, L., Ortatatli, M., Yaren, H., Karayilanoglu, T., & Aydogan, H. (2007). Comparative sporicidal effects of disinfectants after release of a biological agent. Military Medicine, 172(6), 616–621. https://doi.org/10.7205/milmed.172.6.616"

"Kenney, P., Chan, B. K., Kortright, K., Cintron, M., Havill, N., Russi, M., Epright, J., Lee, L., Balcezak, T., & Martinello, R. (2020). Hydrogen Peroxide Vapor sterilization of N95 respirators for reuse. MedRxiv, 2020.03.24.20041087. https://doi.org/10.1101/2020.03.24.20041087"

"*Kenny, P.A., et al. (2020). H2O2 vapor sterilization of N95 respirators for reuse. medRxiv. Advance online publication. https://doi.org/10.1101/2020.03.24.20041087 "

"Kimball, A., Hatfield, K. M., Arons, M., James, A., Taylor, J., Spicer, K., Bardossy, A. C., Oakley, L. P., Tanwar, S., Chisty, Z., Bell, J. M., Methner, M., Harney, J., Jacobs, J. R., Carlson, C. M., McLaughlin, H. P., Stone, N., Clark, S., Brostrom-Smith, C., … CDC COVID-19 Investigation Team. (2020). Asymptomatic and Presymptomatic SARS-CoV-2 Infections in Residents of a Long-Term Care Skilled Nursing Facility — King County, Washington, March 2020. In MMWR. Morbidity and Mortality Weekly Report (Vol. 69, Issue 13, pp. 377–381). https://doi.org/10.15585/mmwr.mm6913e1"

"Konda, A., Prakash A., Moss G. A., Schmoldt M., Grant G. D., Guha S. (2020). Aerosol Filtration Efficiency of Common Fabrics Used in Respiratory Cloth Masks. ACS Nano. https://dx.doi.org/10.1021/acsnano.0c03252Lai, A. C. K., Poon, C. K. M., & Cheung, A. C. T. (2012). Effectiveness of facemasks to reduce exposure hazards for airborne infections among general populations. Journal of the Royal Society, Interface / the Royal Society, 9(70), 938–948. https://doi.org/10.1007/978-3-642-01999-9"

"Kowalski, W. (2009). Ultraviolet Germicidal Irradiation Handbook: UVGI for Air and Surface Disinfection. Springer, Berlin, Heidelberg. https://doi.org/10.1007/978-3-642-01999-9"

"*Kumar, A., Kasloff, S. B., Leung, A., Cutts, T., Strong, J. E., Hills, K., Vazquez-Grande, G., Rush, B., Lother, S., Zarychanski, R., & Krishnan, J. (2020). N95 Mask Decontamination using Standard Hospital Sterilization Technologies. medRxiv. https://doi.org/10.1101/2020.04.05.20049346"

"Lai, M. Y. Y., Cheng, P. K. C., & Lim, W. W. L. (2005). Survival of severe acute respiratory syndrome coronavirus. Clinical Infectious Diseases: An Official Publication of the Infectious Diseases Society of America, 41(7), e67–e71. https://doi.org/10.1086/433186 "

"Lai, A. C. K., Poon, C K M., Cheung, A. C. T. (2012). Effectiveness of facemasks to reduce exposure hazards for airborne infections among general populations. Journal of the Royal Society, Interface / the Royal Society, 9(70), 938-948. https://doi.org/10.1098/rsif.2011.0537"

"Lee, J. E., & Ko, G. (2013). Norovirus and MS2 inactivation kinetics of UV-A and UV-B with and without TiO2. Water Research, 47(15), 5607–5613. https://doi.org/10.1016/j.watres.2013.06.035"

"Leung, N. H. L., Chu, D. K. W., Shiu, E. Y. C., Chan, K.-H., McDevitt, J. J., Hau, B. J. P., Yen, H.-L., Li, Y., Ip, D. K. M., Peiris, J. S. M., Seto, W.-H., Leung, G. M., Milton, D. K., & Cowling, B. J. (2020). Respiratory virus shedding in exhaled breath and efficacy of face masks. Nature Medicine. https://doi.org/10.1038/s41591-020-0843-2"

"*Liao, L., Xiao, W., Zhao, M., Yu, X., Wang, H., Wang, Q., Chu, S., Cui, Y. (2020). Can N95 respirators be reused after disinfection? And for how many times? medRxiv. Advance online publication. https://doi.org/10.1101/2020.04.01.20050443"

"Lin, K., & Marr, L. C. (2020). Humidity-Dependent Decay of Viruses, but Not Bacteria, in Aerosols and Droplets Follows Disinfection Kinetics. Environmental Science & Technology, 54(2), 1024–1032. https://doi.org/10.1021/acs.est.9b04959"

"Lindsley, W. G., Martin, S. B., Thewlis, R. E., Sarkisian, K., Nwoko, J. O., Mead, K. R., & Noti, J. D. (2015). Effects of Ultraviolet Germicidal Irradiation (UVGI) on N95 Respirator Filtration Performance and Structural Integrity. Journal of Occupational and Environmental Hygiene, 12(8), 509–517. https://doi.org/10.1080/15459624.2015.1018518"

"Lin, T.-H., Tang, F.-C., Hung, P.-C., Hua, Z.-C., & Lai, C.-Y. (n.d.). Relative survival of Bacillus subtilis spores loaded on filtering facepiece respirators after five decontamination method. Indoor Air, 28(5), 754–762. https://doi.org/10.1111/ina.12475"

"*Liu, Y., Ning, Z., Chen, Y., Guo, M., Liu, Y., Gali, N. K., Sun, L., Duan, Y., Cai, J., Westerdahl, D., Liu, X., Ho, K.-F., Kan, H., Fu, Q., & Lan, K. (2020). Aerodynamic Characteristics and RNA Concentration of SARS-CoV-2 Aerosol in Wuhan Hospitals during COVID-19 Outbreak. In bioRxiv (p. 2020.03.08.982637). https://doi.org/10.1101/2020.03.08.982637"

"Lindsley, W. G., Martin, S. B., Thewlis, R. E., Sarkisian, K., Nwoko, J. O., Mead, K. R., & Noti, J. D. (2015). Effects of Ultraviolet Germicidal Irradiation (UVGI) on N95 Respirator Filtration Performance and Structural Integrity. Journal of Occupational and Environmental Hygiene, 12(8), 509–517. https://doi.org/10.1080/15459624.2015.1018518"

"Lore, M. B., Heimbuch, B. K., Brown, T. L., Wander, J. D., & Hinrichs, S. H. (2012). Effectiveness of Three Decontamination Treatments against Influenza Virus Applied to Filtering Facepiece Respirators. The Annals of Occupational Hygiene, 56(1), 92–101. https://doi.org/10.1093/annhyg/mer054"

"Lowe, J. J., Paladino, K. D., Farke, J. D., Boulter, K., Cawcutt, K., Emodi, M., Gibbs, S., Hankins, R., Hinkle, L., Micheels, T., Schwedhelm, S., Vasa, A., Wadman, M., Watson, S., & Rupp, M. E. (n.d.). N95 Filtering Facepiece Respirator Ultraviolet Germicidal Irradiation (UVGI) Process for Decontamination and Reuse. Nebraska Medicine. https://www.nebraskamed.com/sites/default/files/documents/covid-19/n-95-decon-process.pdf"

"Lu, J., Gu, J., Li, K., Xu, C., Su, W., Lai, Z., Zhou, D., Yu, C., Xu, B., & Yang, Z. (2020). COVID-19 Outbreak Associated with Air Conditioning in Restaurant, Guangzhou, China, 2020. Emerging Infectious Diseases, 26(7). https://doi.org/10.3201/eid2607.200764"

"Lu, R., Zhao, X., Li, J., Niu, P., Yang, B., Wu, H., Wang, W., Song, H., Huang, B., Zhu, N., Bi, Y., Ma, X., Zhan, F., Wang, L., Hu, T., Zhou, H., Hu, Z., Zhou, W., Zhao, L., … Tan, W. (2020). Genomic characterisation and epidemiology of 2019 novel coronavirus: Implications for virus origins and receptor binding. The Lancet, 395(10224), 565–574. https://doi.org/10.1016/S0140-6736(20)30251-8"

"Lytle, C. D., & Sagripanti, J.-L. (2005). Predicted inactivation of viruses of relevance to biodefense by solar radiation. Journal of Virology, 79(22), 14244–14252. https://doi.org/10.1128/JVI.79.22.14244-14252.2005"

"Marra, A. R., Schweizer, M. L., & Edmond, M. B. (2018). No-Touch Disinfection Methods to Decrease Multidrug-Resistant Organism Infections: A Systematic Review and Meta-analysis. Infection Control and Hospital Epidemiology, 39(1), 20–31. https://doi.org/10.1017/ice.2017.226"

"Martin, S. B., Jr, & Moyer, E. S. (2000). Electrostatic respirator filter media: filter efficiency and most penetrating particle size effects. Applied Occupational and Environmental Hygiene, 15(8), 609–617. https://doi.org/10.1080/10473220050075617"

"*Massey, T., Paik, S., Fuhrer, K., Bora, M., Haque, R., Baxmusa, S. H. (2020). Quantitative form and fir of N95 filtering facepiece respirators are retained after dry and humid heat treatments for coronavirus deactivation. medRxiv. Advance online publication. https://doi.org/10.1101/2020.04.15.20065755"

"McDevitt, J., Rudnick, S., First, M., & Spengler, J. (2010). Role of Absolute Humidity in the Inactivation of Influenza Viruses on Stainless Steel Surfaces at Elevated Temperatures. Applied and Environmental Microbiology, 76(12), 3943–3947. https://doi.org/10.1128/AEM.02674-09"

"Mickelsen, R. L., Touati, A., Delafield, F., Aslett, D., & Abdel-Hady, A. (2017). Low-Concentration Hydrogen Peroxide (LCHP) Vapor for Bioremediation. EPA 542-R19-001, 82. https://www.epa.gov/sites/production/files/2019-04/documents/low_conc_h2o2_for_bioremediation_f_wa_1-150_final_version.pdf"

"Mills, D., Harnish, D. A., Lawrence, C., Sandoval-Powers, M., & Heimbuch, B. K. (2018). Ultraviolet germicidal irradiation of influenza-contaminated N95 filtering facepiece respirators. American Journal of Infection Control, 46(7), e49–e55. https://doi.org/10.1016/j.ajic.2018.02.018"

"Mueller, A. V., Fernandez, L.A. (2020). Assessment of Fabric Masks as Alternatives to Standard Surgical Masks in Terms of Particle Filtration Efficiency. In medRxiv (medRxiv 2020.04.17.20069567). https://doi.org/10.1101/2020.04.17.20069567"

"National Academies of Sciences, & Medicine. (2020). Rapid Expert Consultation on the Effectiveness of Fabric Masks for the COVID-19 Pandemic (April 8, 2020). The National Academies Press. https://doi.org/10.17226/25776"

"National Health Commission of the People’s Republic of China. (2020, February 7). For different groups of people: how to choose masks. http://en.nhc.gov.cn/2020-02/07/c_76344.htm"

"Nerandzic, M. M., Cadnum, J. L., Pultz, M. J., & Donskey, C. J. (2010). Evaluation of an automated ultraviolet radiation device for decontamination of Clostridium difficile and other healthcare-associated pathogens in hospital rooms. BMC Infectious Diseases, 10(1), 197. https://doi.org/10.1186/1471-2334-10-197"

"Nicas, M., Best, D. (2008). A Study Quantifying the Hand-to-Face Contact Rate and Its Potential Application to Predicting Respiratory Tract Infection. Journal of Occupational and Environmental Hygiene, vol. 5, no. 6, 2008, pp. 347–352. https://doi.org/10.1080/15459620802003896"

"Noti, J. D., Lindsley, W. G., Blachere, F. M., Cao, G., Kashon, M. L., Thewlis, R. E., McMillen, C. M., King, W. P., Szalajda, J. V., & Beezhold, D. H. (2012). Detection of infectious influenza virus in cough aerosols generated in a simulated patient examination room. Clinical Infectious Diseases: An Official Publication of the Infectious Diseases Society of America, 54(11), 1569–1577. https://doi.org/10.1093/cid/cis237"

"Ong, S. W. X., Tan, Y. K., Chia, P. Y., Lee, T. H., Ng, O. T., Wong, M. S. Y., & Marimuthu, K. (2020). Air, Surface Environmental, and Personal Protective Equipment Contamination by Severe Acute Respiratory Syndrome Coronavirus 2 (SARS-CoV-2) From a Symptomatic Patient. JAMA: The Journal of the American Medical Association. https://doi.org/10.1001/jama.2020.3227"

"*Oral, E., Wannomae, K.K., Connolly, R.L., Gardecki, J.A., Leung, H.M., Muratoglu, O.K., Griffiths, A., Honko, A.N., Avena, L.E., McKay, L.G.A., Flynn, N., Storm, N., Downs, S.N., Jones, R., Emmal, B. (2020). Vapor H2O2 sterilization as a decontamination method for the reuse of N95 respirators in the COVID?19 emergency. medRxiv. Advance online publication. https://www.medrxiv.org/content/10.1101/2020.04.11.20062026v1 "

"O’Sullivan, N.-A., & Tait, C. P. (2014). Tanning bed and nail lamp use and the risk of cutaneous malignancy: A review of the literature: Tanning beds and cutaneous malignancy. The Australasian Journal of Dermatology, 55(2), 99–106. https://doi.org/10.1111/ajd.12145"

"Pagat, A.-M., Seux-Goepfert, R., Lutsch, C., Lecouturier, V., Saluzzo, J. F., & Kusters, I. C. (2007). Evaluation of SARS-Coronavirus Decontamination Procedures. Applied Biosafety, 12(2),100–108. https://doi.org/10.1177/153567600701200206"

"Park, D. K., Bitton, G., & Melker, R. (2006). Microbial inactivation by microwave radiation in the home environment. Journal of Environmental Health, 69(5), 17-24."

"*Pastorino, B., Touret, F., Gilles, M., de Lamballerie, X., & Charrel, R. N. (2020). Evaluation of heating and chemical protocols for inactivating SARS-CoV-2. bioRxiv. Advance online publication. https://doi.org/10.1101/2020.04.11.036855"

"Peleg, M., & Cole, M. B. (1998). Reinterpretation of microbial survival curves. Critical Reviews in Food Science and Nutrition, 38(5), 353–380. https://doi.org/10.1080/10408699891274246 "

"Price, A., & Chu, L. (2020). Addressing COVID-19 Face Mask Shortages [v1.3]. Stanford Anesthesia Informatics and Media Lab & Learnly COVID-19 Evidence Service. https://stanfordmedicine.app.box.com/v/covid19-PPE-1-2"

"*Price, A. Cui, Y., Liao, L., Xiao, W., Yu, X., Wang, H., Zhao, M., Wang, Q., Chu, S., & Chu, L. (2020). Is the fit of N95 facial masks effected by disinfection? A study of heat and UV disinfection methods using the OSHA protocol fit test. medRxiv. Advance online publication. https://doi.org/10.1101/2020.04.14.20062810"

"Prussin, A. J., Schwake, D. O., Lin, K., Gallagher, D. L., Buttling, L., & Marr, L. C. (2018). Survival of the Enveloped Virus Phi6 in Droplets as a Function of Relative Humidity, Absolute Humidity, and Temperature. Applied and Environmental Microbiology, 84(12). https://doi.org/10.1128/AEM.00551-18"

"Rabenau, H. F., Cinatl, J., Morgenstern, B., Bauer, G., Preiser, W., & Doerr, H. W. (2005). Stability and inactivation of SARS coronavirus. Medical Microbiology and Immunology, 194(1), 1–6. https://doi.org/10.1007/s00430-004-0219-0"

Reuse of FFP2 masks. (2020). Dutch National Institute for Public Health and the Environment. https://www.rivm.nl/sites/default/files/2020-03/Hergebruik%20mondkapjes%20Informatie%20ENG_def.pdf

"Rothe, C., Schunk, M., Sothmann, P., Bretzel, G., Froeschl, G., Wallrauch, C., Zimmer, T., Thiel, V., Janke, C., Guggemos, W., Seilmaier, M., Drosten, C., Vollmar, P., Zwirglmaier, K., Zange, S., Wölfel, R., & Hoelscher, M. (2020). Transmission of 2019-nCoV Infection from an Asymptomatic Contact in Germany. The New England Journal of Medicine, 382(10), 970–971. https://doi.org/10.1056/NEJMc2001468"

"Rodriguez-Palacios, A. & LeJeune, J. T. (2011). Moist-Heat Resistance, Spore Aging, and Superdormancy in Clostridium difficile. Applied and Environmental Microbiology, 77(9), 3085-3091. http://dx.doi.org/10.1128/AEM.01589-10"

"Rudnick, S. N., McDevitt, J. J., First, M. W., & Spengler, J. D. (2009). Inactivating influenza viruses on surfaces using hydrogen peroxide or triethylene glycol at low vapor concentrations. American Journal of Infection Control, 37(10), 813–819. https://doi.org/10.1016/j.ajic.2009.06.007"

"Rutala, W. A., Gergen, M. F., Tande, B. M., & Weber, D. J. (2014). Room decontamination using an ultraviolet-C device with short ultraviolet exposure time. Infection Control and Hospital Epidemiology: The Official Journal of the Society of Hospital Epidemiologists of America, 35(8), 1070–1072. https://doi.org/10.1086/677149"

"Rutala, W. A., & Weber, D. J. (2019). Guideline for Disinfection and Sterilization in Healthcare Facilities, 2008 (p. 163). CDC. https://www.cdc.gov/infectioncontrol/pdf/guidelines/disinfection-guidelines-H.pdf"

"Sagripanti, J.-L., & Lytle, C. D. (2007). Inactivation of influenza virus by solar radiation. Photochemistry and Photobiology, 83(5), 1278–1282. https://doi.org/10.1111/j.1751-1097.2007.00177.x"

"Schwartz, A., Stiegel, M., Greeson, N., Vogel, A., Thomann, W., Brown,M., Sempowski, G.D., Alderman, T.S., Condreay, J.P., Burch, J., Wolfe, C., Smith, B., Lewis, S. (2020). Decontamination and Reuse of N95 Respirators with Hydrogen Peroxide Vapor to Address Worldwide Personal Protective Equipment Shortages During the SARS-CoV-2 (COVID-19) Pandemic. ABSA International: The Association for Biosafety and Biosecurity. https://absa.org/decontamination-and-reuse-of-n95-respirators-with-hydrogen-peroxide-vapor-to-address-worldwide-personal-protective-equipment-shortages-during-the-sars-cov-2-covid-19-pandemic/"

"Sehulster, L., Chinn, R., Arduino, M., Carpenter, J., Donlan, R., Ashford, D., Besser, R., Fields, B., McNeil, M., Whitney, C., Wong, S., Juranek, D., & Cleveland, J. (2004). Guidelines for environmental infection control in health-care facilities. Recommendations from CDC and the Healthcare Infection Control Practices Advisory Committee (HICPAC). American Society for Healthcare Engineering/American Hospital Association. https://www.cdc.gov/infectioncontrol/pdf/guidelines/environmental-guidelines-P.pdf"

"Seo, K., Lee, J. E., Lim, M. Y., & Ko, G. (2012). Effect of temperature, pH, and NaCl on the inactivation kinetics of murine norovirus. Journal of Food Protection, 75(3), 533–540. https://doi.org/10.4315/0362-028X.JFP-11-199 "

"Singhal, T. (2020). A review of coronavirus disease-2019 (COVID-19). Indian Journal of Pediatrics, 1–6. https://idp.springer.com/authorize/casa?redirect_uri=https://link.springer.com/article/10.1007/s12098-020-03263-6&casa_token=lK73-3CuQj8AAAAA:QEuY-jjZBr4Z7v4xd2ZU11v4tsiywjoszC9LzCEBpy_Rwup3PJVSneBhOT5UyIOUMsFHd9G7MftPMn_vdw"

"Sizun, J., Yu, M. W., & Talbot, P. J. (2000). Survival of human coronaviruses 229E and OC43 in suspension and after drying on surfaces: a possible source of hospital-acquired infections. The Journal of Hospital Infection, 46(1), 55–60. https://doi.org/10.1053/jhin.2000.0795 "

"*Smith, J. S., Hanseler, H., Welle, J., Rattray, R., Campbell, M., Brotherton, T., Moudgil, T., Pack, T. F., Wegmann, K., Jensen, S., Jin, J. S., Bifulco, C. B., Fox, B. A., & Stucky, N. L. (2020). Effect of various decontamination procedures on disposable N95 mask integrity and SARS-CoV-2 infectivity. medRxiv. Advance online publication. https://doi.org/10.1101/2020.04.11.20062331"

"Smolle, C., Huss, F., Lindblad, M., Reischies, F., & Tano, E. (2018). Effectiveness of automated ultraviolet-C light for decontamination of textiles inoculated with Enterococcus faecium. The Journal of Hospital Infection, 98(1), 102–104. https://doi.org/10.1016/j.jhin.2017.07.034"

"*Syphers, D. A. (2020). Determining Exposure Times for UV-C Irradiation of PPE Filtration Facemasks for Sterilization and Potential Reuse in Times of Shortages. Bowdoin College. Advance online publication. https://www.bowdoin.edu/profiles/faculty/dsyphers/pdf/determining-exposure-times.pdf"

"Stop COVID-19. (2020, March 24). Talking can spread COVID-19. Youtube. https://www.youtube.com/watch?v=qzARpgx8cvE"

"Tano, E., & Melhus, Å. (2014). Level of decontamination after washing textiles at 60°C or 70°C followed by tumble drying. In Infection Ecology & Epidemiology (Vol. 4, Issue 1, p. 24314). https://doi.org/10.3402/iee.v4.24314"

"Tomas, M. E., Cadnum, J. L., Jencson, A., & Donskey, C. J. (2015). The Ebola disinfection booth: evaluation of an enclosed ultraviolet light booth for disinfection of contaminated personal protective equipment prior to removal. Infection Control and Hospital Epidemiology: The Official Journal of the Society of Hospital Epidemiologists of America, 36(10), 1226–1228. https://doi.org/10.1017/ice.2015.166"

"Tseng, C.-C., & Li, C.-S. (2007). Inactivation of Viruses on Surfaces by Ultraviolet Germicidal Irradiation. Journal of Occupational and Environmental Hygiene, 4(6), 400–405. https://doi.org/10.1080/15459620701329012"

"Tu, H., Tu, S., Gao, S., Shao, A., & Sheng, J. (2020). The epidemiological and clinical features of COVID-19 and lessons from this global infectious public health event. The Journal of Infection. https://doi.org/10.1016/j.jinf.2020.04.011"

"U.S. Department of Health and Human Services,Centers for Disease Control and Prevention. (1997, March 4). 42 CFR Part 84 Respiratory Protective Devices. https://www.cdc.gov/niosh/npptl/topics/respirators/pt84abs2.html"

"U.S. Department of Health and Human Services, Centers for Disease Control and Prevention. (2008). Guideline for Disinfection and Sterilization in Healthcare Facilities. https://www.cdc.gov/infectioncontrol/guidelines/disinfection/sterilization/steam.html "

"U.S. Department of Health and Human Services, Centers for Disease Control and Prevention. (2014, June 6). Environmental Control for Tuberculosis: Basic Upper-Room Ultraviolet Germicidal Irradiation Guidelines for Healthcare Settings. https://www.cdc.gov/niosh/docs/2009-105/pdfs/2009-105.pdf?id=10.26616/NIOSHPUB2009105"

"U.S. Department of Health and Human Services, Centers for Disease Control and Prevention. (2018, April 6). Filtering out Confusion: Frequently Asked Questions about Respiratory Protection. https://doi.org/10.26616/NIOSHPUB2018130"

"U.S. Department of Health and Human Services, Centers for Disease Control and Prevention. (2019). Guidelines for Environmental Infection Control in Health-Care Facilities: Recommendations of CDC and the Healthcare Infection Control Practices Advisory Committee (HICPAC). https://www.cdc.gov/infectioncontrol/guidelines/environmental/index.html"

"U.S. Department of Health and Human Services, Centers for Disease Control and Prevention. (2019, May 20). UV Radiation. https://www.cdc.gov/nceh/features/uv-radiation-safety/index.html"

"U.S. Department of Health and Human Services, Centers for Disease Control and Prevention. (2020, March 23). UV Radiation Safety. https://www.cdc.gov/nceh/features/uv-radiation-safety/index.html"

"U.S. Department of Health and Human Services, Centers for Disease Control and Prevention. (2020, March 27) Decontamination and Reuse of Filtering Facepiece Respirators using Contingency and Crisis Capacity Strategies. Retrieved March 31, 2020. https://www.cdc.gov/coronavirus/2019-ncov/hcp/ppe-strategy/decontamination-reuse-respirators.html"

"U.S. Department of Health and Human Services, Centers for Disease Control and Prevention. (2020, March 27). Recommended Guidance for Extended Use and Limited Reuse of N95 Filtering Facepiece Respirators in Healthcare Settings. https://www.cdc.gov/niosh/topics/hcwcontrols/RecommendedGuidanceExtUse.html "

"U.S. Department of Health and Human Services, Centers for Disease Control and Prevention. (n.d.). 42 CFR Part 84 Respiratory Protective Devices. The National Personal Protective Technology Laboratory of the Centers for Disease Control and Prevention. Retrieved March 28, 2020, from https://www.cdc.gov/niosh/npptl/topics/respirators/pt84abs2.html"

"U.S. Department of Health and Human Services, Centers for Disease Control and Prevention. (2020, April 8). Recommendation Regarding the Use of Cloth Face Coverings, Especially in Areas of Significant Community-Based Transmission. https://www.cdc.gov/coronavirus/2019-ncov/prevent-getting-sick/cloth-face-cover.html"

"U.S. Department of Health and Human Services, Centers for Disease Control and Prevention. (2020, April 9). Decontamination and Reuse of Filtering Facepiece Respirators. https://www.cdc.gov/coronavirus/2019-ncov/hcp/ppe-strategy/decontamination-reuse-respirators.html"

"U.S. Department of Health and Human Services, Centers for Disease Control and Prevention. (2020). Understanding the Difference (surgical masks, N95 FFRs, and Elastomerics) Infographic [PDF file]. https://www.cdc.gov/niosh/npptl/pdfs/UnderstandDifferenceInfographic-508.pdf"

"U.S. Department of Health and Human Services, Centers for Disease Control and Prevention. (2020). Checklist for Healthcare Facilities: Strategies for Optimizing the Supply of N95 Respirators during the COVID-19 Response. [PDF file]. https://www.cdc.gov/coronavirus/2019-ncov/hcp/checklist-n95-strategy.html"

"U.S. Department of Health and Human Services, Public Health Service, Centers for Disease Control and Prevention, National Institute for Occupational Safety and Health. Environmental Control for Tuberculosis: Basic Upper-Room Ultraviolet Germicidal Irradiation Guidelines for Healthcare Settings (DHHS)  (NIOSH). (2009). Publication No. 2009–105). https://doi.org/10.26616/NIOSHPUB2009105"

"U.S. Department of Health and Human Services, Public Health Service, Centers for Disease Control and Prevention, National Institute for Occupational Safety and Health (DHHS)  (NIOSH). (2018). Filtering out Confusion: Frequently Asked Questions about Respiratory Protection No. 2018–130). https://doi.org/10.26616/NIOSHPUB2018130"

"U.S. Department of Labor, Occupational Safety and Health Administration (OSHA). Use of Respirators. (n.d.). [OSHA Technical Manual Section VIII Chapter 2]. https://www.osha.gov/dts/osta/otm/otm_viii/otm_viii_2.html"

"U.S. Department of Labor, Occupational Safety and Health Administration. (n.d.). OSHA Technical Manual, Section VIII - Use of Respirators. [Washington, D.C.]: Retrieved April 22, 2020, from https://www.osha.gov/dts/osta/otm/otm_viii/otm_viii_2.html#8"

"U.S. Environmental Protection Agency (EPA). (2017, May). Low-Concentration H2O2 (LCHP) Vapor for Bioremediation: Assessment and Evaluation Report. Mickelsen, R.L., EPA 542-R19-001. https://www.epa.gov/sites/production/files/2019-04/documents/low_conc_h2o2_for_bioremediation_f_wa_1-150_final_version.pdf "

"U.S. Environmental Protection Agency (EPA). (2006, November). Ultraviolet Disinfection Guidance Manual for the Final Long Term 2 Enhanced Surface Water Treatment Rule. https://nepis.epa.gov/Exe/ZyPDF.cgi?Dockey=600006T3.txt"

"U.S. Food & Drug Administration (FDA). (2020, March 11). N95 Respirators and Surgical Masks (Face Masks). https://www.fda.gov/medical-devices/personal-protective-equipment-infection-control/n95-respirators-and-surgical-masks-face-masks"

"U.S. Food & Drug Administration. (2020, April). Enforcement Policy for Face Masks and Respirators During the Coronavirus Disease (COVID-19) Public Health Emergency (Revised). https://www.fda.gov/media/136449/download"

"U.S. Food & Drug Administration (FDA). (2020). FDA letter of approval (3/28/2020) for Emergency Use Authorization for the Battelle Decontamination System, an HPV system for decontaminating N95 respirators. https://www.battelle.org/docs/default-source/commercial-offerings/industry-solutions/battelle-eua.pdf?sfvrsn=646b94e_2"

U.S. Food & Drug Administration (FDA). (2020). Instructions for Healthcare Personnel: Preparation of Compatible N95 Respirators for Decontamination by the Battelle Memorial Institute Using the Battelle Decontamination System. https://www.fda.gov/media/136532/download

"U.S. Food & Drug Administration (FDA). (2020, April). Enforcement Policy for Face Masks and Respirators During the Coronavirus Disease (COVID-19) Public Health Emergency (Revised). https://www.fda.gov/media/136449/download"

"van der Sande, M., Teunis, P., & Sabel, R. (2008). Professional and home-made face masks reduce exposure to respiratory infections among the general population. PloS One, 3(7), e2618. https://doi.org/10.1371/journal.pone.0002618"

"*van Doremalen, N., Bushmaker, T., Morris, D. H., Holbrook, M. G., Gamble, A., Williamson, B. N., Tamin, A., Harcourt, J. L., Thornburg, N. J., Gerber, S. I., Lloyd-Smith, J. O., Wit, E. de, & Munster, V. J. (2020, March 17). Aerosol and Surface Stability of SARS-CoV-2 as Compared with SARS-CoV-1 [Letter]. In New England Journal of Medicine (world). Massachusetts Medical Society. https://doi.org/10.1056/NEJMc2004973"

"van Straten, B., de Man, P., van den Dobbelsteen, J., Koeleman, H., van der Eijk, A., & Horeman, T. (2020). Sterilization of disposable face masks by means of standardized dry and steam sterilization processes; an alternative in the fight against mask shortages due to COVID-19, Journal of Hospital Infection. https://doi.org/10.1016/j.jhin.2020.04.001"

"Vejerano, E. P. & Marr, L C. (2018). Physico-chemical characteristics of evaporating respiratory fluid droplets. Journal of The Royal Society Interface, 15(139), 20170939. http://dx.doi.org/10.1098/rsif.2017.0939"

"Viscusi, D. J., Bergman, M. S., Eimer, B. C., & Shaffer, R. E. (2009). Evaluation of Five Decontamination Methods for Filtering Facepiece Respirators. The Annals of Occupational Hygiene, 53(8), 815–827. https://doi.org/10.1093/annhyg/mep070"

"Viscusi, D. J., Bergman, M. S., Novak, D. A., Faulkner, K. A., Palmiero, A., Powell, J., & Shaffer, R. E. (2011). Impact of three biological decontamination methods on filtering facepiece respirator fit, odor, comfort, and donning ease. Journal of Occupational and Environmental Hygiene, 8(7), 426-436. https://doi.org/10.1080/15459624.2011.585927"

"Viscusi, D. J., King, W. P., & Shaffer, R. E. (2007). Effect of Decontamination on the Filtration Efficiency of Two Filtering Facepiece Respirator Models. J Int Soc Resp Prot, 24, 15. https://www.isrp.com/the-isrp-journal/journal-public-abstracts/1138-vol-24-no-3-and-no-4-2007-pp-93-107-viscusi-open-access/file"

"Vo, E., Rengasamy, S., & Shaffer, R. (2009). Development of a test system to evaluate procedures for decontamination of respirators containing viral droplets. Applied and Environmental Microbiology, 75(23), 7303–7309. https://doi.org/10.1128/AEM.00799-09"

"Waldrop, T., Toropin, K., & Sutton, J. (2020, April 2). 2 dead from coronavirus, 45 ill after March choir rehearsal. CNN. https://www.cnn.com/2020/04/01/us/washington-choir-practice-coronavirus-deaths/index.html"

"Walker, C. M., & Ko, G. (2007). Effect of ultraviolet germicidal irradiation on viral aerosols. Environmental Science & Technology, 41(15), 5460–5465. https://doi.org/10.1021/es070056u"

"Wallace, R. L., Ouellette, M., & Jean, J. (2019). Effect of UV-C light or hydrogen peroxide wipes on the inactivation of methicillin-resistant Staphylococcus aureus, Clostridium difficile spores and norovirus surrogate. Journal of Applied Microbiology, 127(2), 586–597. https://doi.org/10.1111/jam.14308"

"Watanabe, T., Bartrand, T. A., Weir, M. H., Omura, T., & Haas, C. N. (2010). Development of a dose-response model for SARS coronavirus. Risk Analysis: An Official Publication of the Society for Risk Analysis, 30(7), 1129–1138. https://doi.org/10.1111/j.1539-6924.2010.01427.x "

"Wei, W. E., Li, Z., Chiew, C. J., Yong, S. E., Toh, M. P., & Lee, V. J. (2020). Presymptomatic Transmission of SARS-CoV-2 - Singapore, January 23-March 16, 2020. MMWR. Morbidity and Mortality Weekly Report, 69(14), 411–415. https://doi.org/10.15585/mmwr.mm6914e1"

"Woo, M.-H., Grippin, A., Anwar, D., Smith, T., Wu, C.-Y., & Wander, J. D. (2012). Effects of relative humidity and spraying medium on UV decontamination of filters loaded with viral aerosols. Applied and Environmental Microbiology, 78(16), 5781–5787. https://doi.org/10.1128/AEM.00465-12"

"*Worby, C. J., & Chang, H.-H. (2020). Face mask use in the general population and optimal resource allocation during the COVID-19 pandemic. medRxiv, 2020.04.04.20052696. https://doi.org/"

World Health Organization. (2004). Guidelines on viral inactivation and removal procedures intended to assure the viral safety of human blood plasma products. https://www.who.int/bloodproducts/publications/WHO_TRS_924_A4.pdf

"Yunoki, M., Urayama, T., Yamamoto, I., Abe, S., & Ikuta, K. (2004). Heat sensitivity of a SARS-associated coronavirus introduced into plasma products. Vox Sanguinis, 87, 302-303. https://doi.org/10.1111/j.1423-0410.2004.00577.x"

"Zou, L., Ruan, F., Huang, M., Liang, L., Huang, H., Hong, Z., Yu, J., Kang, M., Song, Y., Xia, J., Guo, Q., Song, T., He, J., Yen, H.-L., Peiris, M., & Wu, J. (2020). SARS-CoV-2 Viral Load in Upper Respiratory Specimens of Infected Patients. The New England Journal of Medicine, 382(12), 1177–1179. https://doi.org/10.1056/NEJMc2001737"
